{
 "head": "head",
 "portraitScale": 2.5,
 "portraitTranslation": [ -0.2, 0.3, 0 ],
 "profileScale": 0.7,
 "profileTranslation": [ -0.1, 0.8, 0 ],
 "poses": {
   "standing": {
     "poseName": "standing",
     "transformTicks": 10,
     "poseTypes": [
       "STAND",
       "NONE",
       "PORTRAIT",
       "PROFILE"
     ],
     "animations": [
       "look",
       "bedrock(keldeo, ground_idle)"
     ]
   },
   "walking": {
     "poseName": "walking",
     "transformTicks": 10,
     "poseTypes": [ "WALK" ],
     "animations": [ "bedrock(keldeo, ground_walk)" ]
   }
 }
}