{
  "name": "keldeoresolute",
  "nationalPokedexNumber": 647,
  "primaryType": "water",
  "secondaryType": "fighting",
  "abilities": [
    "justified"
  ],
  "baseStats": {
    "hp": 91,
    "attack": 72,
    "defence": 90,
    "special_attack": 129,
    "special_defence": 90,
    "speed": 108
  },
  "catchRate": 3,
  "maleRatio": -1,
  "shoulderMountable": false,
  "baseExperienceYield": 290,
  "baseFriendship": 35,
  "evYield": {
    "hp": 0,
    "attack": 0,
    "defence": 0,
    "special_attack": 3,
    "special_defence": 0,
    "speed": 0
  },
  "experienceGroup": "slow",
  "eggCycles": 80,
  "eggGroups": [
    "undiscovered"
  ],
  "moves": [
    "1:aquajet",
    "1:helpinghand",
    "1:leer",
    "1:secretsword",
    "1:workup",
    "7:bubblebeam",
    "14:quickguard",
    "21:doublekick",
    "28:retaliate",
    "35:aquatail",
    "42:takedown",
    "49:sacredsword",
    "56:swordsdance",
    "63:hydropump",
    "70:closecombat",
    "tm:aerialace",
    "tm:airslash",
    "tm:aurasphere",
    "tm:bounce",
    "tm:brickbreak",
    "tm:calmmind",
    "tm:closecombat",
    "tm:confide",
    "tm:cut",
    "tm:doubleteam",
    "tm:endure",
    "tm:facade",
    "tm:falseswipe",
    "tm:focusblast",
    "tm:frustration",
    "tm:gigaimpact",
    "tm:hail",
    "tm:helpinghand",
    "tm:hiddenpower",
    "tm:hydropump",
    "tm:hyperbeam",
    "tm:icywind",
    "tm:liquidation",
    "tm:lowkick",
    "tm:megahorn",
    "tm:muddywater",
    "tm:poisonjab",
    "tm:protect",
    "tm:psychup",
    "tm:raindance",
    "tm:reflect",
    "tm:rest",
    "tm:retaliate",
    "tm:return",
    "tm:revenge",
    "tm:reversal",
    "tm:roar",
    "tm:rocksmash",
    "tm:round",
    "tm:safeguard",
    "tm:scald",
    "tm:secretpower",
    "tm:sleeptalk",
    "tm:smartstrike",
    "tm:snore",
    "tm:stoneedge",
    "tm:strength",
    "tm:substitute",
    "tm:sunnyday",
    "tm:superpower",
    "tm:surf",
    "tm:swagger",
    "tm:swift",
    "tm:swordsdance",
    "tm:taunt",
    "tm:toxic",
    "tm:workup",
    "tm:xscissor",
    "tutor:aquajet",
    "tutor:aquatail",
    "tutor:bounce",
    "tutor:bubblebeam",
    "tutor:coaching",
    "tutor:covet",
    "tutor:doublekick",
    "tutor:endeavor",
    "tutor:flipturn",
    "tutor:helpinghand",
    "tutor:hydropump",
    "tutor:icywind",
    "tutor:lastresort",
    "tutor:leer",
    "tutor:liquidation",
    "tutor:lowkick",
    "tutor:sacredsword",
    "tutor:secretsword",
    "tutor:sleeptalk",
    "tutor:snore",
    "tutor:superpower",
    "tutor:swordsdance",
    "tutor:waterpulse"
  ],
  "labels": [
    "gen5",
    "mythical",
    "legendary"
  ],
  "pokedex": [
    "cobblemon.species.keldeo.desc"
  ],
  "evolutions": [
    {
      "id": "keldeoresolute_keldeo",
      "variant": "item_interact",
      "result": "keldeo",
      "consumeHeldItem": false,
      "learnableMoves":[],
      "requirements": [],
      "requiredContext": "minecraft:white_dye"
    }
  ],
  "baseScale": 1,
  "hitbox": {
    "width": 1,
    "height": 1,
    "fixed": false
  },
  "height": 5,
  "weight": 90,
  "aspects": [],
  "cannotDynamax": false
}