{
	"format_version": "1.8.0",
	"animations": {
		"animation.meltan.ground_walk": {
			"loop": true,
			"bones": {
				"body": {
					"rotation": ["5-math.sin(q.anim_time*90*4-30)*10", 0, 0],
					"position": [0, 0, 0]
				},
				"left": {
					"rotation": [0, 0, "-15-math.sin(q.anim_time*90*4+30)*8-4"]
				},
				"right": {
					"rotation": [0, 0, "15+math.sin(q.anim_time*90*4+30)*8+4"]
				},
				"head": {
					"rotation": ["math.sin(q.anim_time*90*4-120)*0.5-math.clamp(math.sin(q.anim_time*90*4+120)*10,0,10)", 0, "math.sin(q.anim_time*90*2+60)*2"],
					"position": [0, "math.clamp(math.sin(q.anim_time*90*4+130)*0.5,0,1)+math.clamp(math.sin(q.anim_time*90*4+130)*0.2,-1,0)", 0]
				},
				"body2": {
					"rotation": [0, 0, 0],
					"position": [0, "math.sin(q.anim_time*90*4+30)*0.25+math.clamp(math.sin(q.anim_time*90*4+60)*0.5,-4,0)", 0]
				}
			}
		},
		"animation.meltan.ground_idle": {
			"loop": true,
			"bones": {
				"left": {
					"rotation": [0, 0, "-10-math.sin(q.anim_time*90*1.5+30)*8"]
				},
				"right": {
					"rotation": ["10+math.sin(q.anim_time*90*1.5+30)*8", 0, 0]
				},
				"head": {
					"rotation": [0, 0, 0],
					"position": [0, "-math.sin(q.anim_time*90*1.5-120)*0.25", 0]
				},
				"body2": {
					"rotation": ["-1.25+math.sin(q.anim_time*90*1.5-60)*4", 0, "-math.sin(q.anim_time*90*0.75)*3"],
					"position": [0, "math.sin(q.anim_time*90*1.5+30)*0.25", 0]
				},
				"body3": {
					"rotation": [0, 0, "-math.sin(q.anim_time*90)*3"]
				}
			}
		},
		"animation.meltan.faint": {
			"loop": "hold_on_last_frame",
			"animation_length": 3.29167,
			"bones": {
				"left": {
					"rotation": [0, 0, "-10-math.sin(q.anim_time*90*1.5+30)*1"]
				},
				"right": {
					"rotation": ["10+math.sin(q.anim_time*90*1.5+30)*1", 0, 0]
				},
				"head": {
					"rotation": [0, 0, 0],
					"position": [0, "-math.sin(q.anim_time*90*1.5-120)*0.25", 0]
				},
				"body2": {
					"rotation": ["-1.25+math.sin(q.anim_time*90*1.5-60)*2", 0, "-math.sin(q.anim_time*90*0.75)*1"]
				},
				"eye": {
					"rotation": {
						"0.0": {
							"post": [0, 0, 0],
							"lerp_mode": "catmullrom"
						},
						"1.125": {
							"post": [5.7632, 1104.3683, 128.9293],
							"lerp_mode": "catmullrom"
						},
						"1.5": {
							"post": [5.7632, 1104.3683, 128.9293],
							"lerp_mode": "catmullrom"
						},
						"1.5417": {
							"post": [-29.2368, 1104.3683, 128.9293],
							"lerp_mode": "catmullrom"
						},
						"1.8333": {
							"post": [-10.93291, 1115.94671, 164.31953],
							"lerp_mode": "catmullrom"
						}
					},
					"position": {
						"0.0": {
							"post": [0, 0, 0],
							"lerp_mode": "catmullrom"
						},
						"1.1667": {
							"post": [0, 2, 0],
							"lerp_mode": "catmullrom"
						},
						"1.3333": {
							"post": [0, 2, 0],
							"lerp_mode": "catmullrom"
						},
						"1.5": {
							"post": [-0.05, -2.44, 0.09],
							"lerp_mode": "catmullrom"
						},
						"1.5833": {
							"post": [0.16, -2.81, 0.33],
							"lerp_mode": "catmullrom"
						},
						"1.8333": {
							"post": [0.75, -3.5, 1.25],
							"lerp_mode": "catmullrom"
						}
					}
				}
			}
		}
	}
}